{
  "IcoMoonType": "selection",
  "icons": [
    {
      "icon": {
        "paths": [
          "M853.333 233.7l-62.919-63.033-249.97 249.856-249.799-249.856-63.090 63.033 249.913 249.856-249.913 249.856 63.090 63.033 249.799-249.856 249.913 249.856 62.976-63.033-249.799-249.856 249.799-249.856z"
        ],
        "attrs": [
          {}
        ],
        "isMulticolor": false,
        "isMulticolor2": false,
        "grid": 0,
        "tags": [
          "close-black"
        ]
      },
      "attrs": [
        {}
      ],
      "properties": {
        "order": 39,
        "id": 0,
        "name": "close-black",
        "prevSize": 32
      },
      "setIdx": 0,
      "setId": 4,
      "iconIdx": 0
    }
  ],
  "height": 1024,
  "preferences": {
    "showGlyphs": true,
    "showQuickUse": true,
    "showQuickUse2": true,
    "showSVGs": true,
    "fontPref": {
      "prefix": "icon-",
      "metadata": {
        "fontFamily": "icomoon"
      },
      "metrics": {
        "emSize": 1024,
        "baseline": 6.25,
        "whitespace": 50
      },
      "embed": false
    },
    "imagePref": {
      "prefix": "icon-",
      "png": false,
      "useClassSelector": true,
      "color": 0,
      "bgColor": 16777215,
      "classSelector": ".icon",
      "name": "icomoon",
      "height": 32,
      "columns": 16,
      "margin": 16
    },
    "historySize": 50,
    "showCodes": true,
    "gridSize": 16
  }
}